{
  "t": "2026-07-24T01:00:15.948Z",
  "r": 0,
  "retail": {
    "3": {
      "saturation": 1.493755779553812,
      "sellers": 0
    },
    "4": {
      "saturation": 1.4771797444638024,
      "sellers": 0
    },
    "5": {
      "saturation": 1.4818909397514504,
      "sellers": 0
    },
    "7": {
      "saturation": 1.3425069841321255,
      "sellers": 0
    },
    "8": {
      "saturation": 1.231119465640488,
      "sellers": 0
    },
    "9": {
      "saturation": 1.5750830436911398,
      "sellers": 0
    },
    "11": {
      "saturation": 0.8588038387854532,
      "sellers": 0
    },
    "12": {
      "saturation": 0.853808573232646,
      "sellers": 0
    },
    "24": {
      "saturation": 0.7859091717597952,
      "sellers": 0
    },
    "25": {
      "saturation": 0.8994265587912356,
      "sellers": 0
    },
    "26": {
      "saturation": 0.697791747772055,
      "sellers": 0
    },
    "27": {
      "saturation": 0.6340421965349747,
      "sellers": 0
    },
    "28": {
      "saturation": 0.6632333013291538,
      "sellers": 0
    },
    "53": {
      "saturation": 0.7389854800786239,
      "sellers": 0
    },
    "54": {
      "saturation": 0.7113748379937455,
      "sellers": 0
    },
    "55": {
      "saturation": 0.5828963293526793,
      "sellers": 0
    },
    "56": {
      "saturation": 0.6891492988737692,
      "sellers": 0
    },
    "57": {
      "saturation": 0.5269040002371972,
      "sellers": 0
    },
    "60": {
      "saturation": 1.344278381176309,
      "sellers": 0
    },
    "61": {
      "saturation": 1.2541805459350377,
      "sellers": 0
    },
    "62": {
      "saturation": 1.260271470525234,
      "sellers": 0
    },
    "63": {
      "saturation": 1.311884035505981,
      "sellers": 0
    },
    "64": {
      "saturation": 1.3687798652025622,
      "sellers": 0
    },
    "65": {
      "saturation": 0.8224668093384832,
      "sellers": 0
    },
    "67": {
      "saturation": 0.9490539509168395,
      "sellers": 0
    },
    "70": {
      "saturation": 0.7868348900633159,
      "sellers": 0
    },
    "71": {
      "saturation": 1.0008826882453135,
      "sellers": 0
    },
    "91": {
      "saturation": 1.2746822745895916,
      "sellers": 0
    },
    "94": {
      "saturation": 1.2671539520316826,
      "sellers": 0
    },
    "95": {
      "saturation": 1.2615335817373137,
      "sellers": 0
    },
    "96": {
      "saturation": 1.2437291740827154,
      "sellers": 0
    },
    "97": {
      "saturation": 1.2989779197985478,
      "sellers": 0
    },
    "98": {
      "saturation": 0.718630121378403,
      "sellers": 0
    },
    "99": {
      "saturation": 1.19046300510969,
      "sellers": 0
    },
    "102": {
      "saturation": 1.0255009238813189,
      "sellers": 0
    },
    "103": {
      "saturation": 0.9724239071207147,
      "sellers": 0
    },
    "108": {
      "saturation": 1.0974293296389002,
      "sellers": 0
    },
    "109": {
      "saturation": 0.6886879213024808,
      "sellers": 0
    },
    "110": {
      "saturation": 0.727593259807685,
      "sellers": 0
    },
    "117": {
      "saturation": 0.1,
      "sellers": 0
    },
    "119": {
      "saturation": 1.2723880018848923,
      "sellers": 0
    },
    "121": {
      "saturation": 0.1,
      "sellers": 0
    },
    "122": {
      "saturation": 1.143469955094867,
      "sellers": 0
    },
    "123": {
      "saturation": 1.197897774368631,
      "sellers": 0
    },
    "124": {
      "saturation": 1.3172904746183087,
      "sellers": 0
    },
    "125": {
      "saturation": 1.5627165269467915,
      "sellers": 0
    },
    "126": {
      "saturation": 1.2890901960980863,
      "sellers": 0
    },
    "127": {
      "saturation": 1.261365875919391,
      "sellers": 0
    },
    "129": {
      "saturation": 0.1,
      "sellers": 0
    },
    "130": {
      "saturation": 0.1,
      "sellers": 0
    },
    "131": {
      "saturation": 0.1,
      "sellers": 0
    },
    "132": {
      "saturation": 0.1,
      "sellers": 0
    },
    "134": {
      "saturation": 0.1,
      "sellers": 0
    },
    "140": {
      "saturation": 1.1001041899195423,
      "sellers": 0
    },
    "142": {
      "saturation": 0.1,
      "sellers": 0
    },
    "143": {
      "saturation": 0.1,
      "sellers": 0
    },
    "144": {
      "saturation": 1.0248458621308445,
      "sellers": 0
    },
    "146": {
      "saturation": 0.18197452327468167,
      "sellers": 0
    },
    "147": {
      "saturation": 0.26731666222403705,
      "sellers": 0
    },
    "148": {
      "saturation": 1.4977204425307573,
      "sellers": 0
    },
    "149": {
      "saturation": 0.1,
      "sellers": 0
    },
    "150": {
      "saturation": 1.0442065350029748,
      "sellers": 0
    },
    "151": {
      "saturation": 0.7559971953597745,
      "sellers": 0
    },
    "152": {
      "saturation": 1.3638526257761894,
      "sellers": 0
    },
    "153": {
      "saturation": 0.3134035009060472,
      "sellers": 0
    },
    "154": {
      "saturation": 0.453550615523544,
      "sellers": 0
    }
  }
}
