{
  "t": "2026-07-21T17:40:08.892Z",
  "r": 0,
  "retail": {
    "3": {
      "saturation": 1.493089060246981,
      "sellers": 0
    },
    "4": {
      "saturation": 1.4689459336073525,
      "sellers": 0
    },
    "5": {
      "saturation": 1.481918918122159,
      "sellers": 0
    },
    "7": {
      "saturation": 1.3735444867370652,
      "sellers": 0
    },
    "8": {
      "saturation": 1.247305198569627,
      "sellers": 0
    },
    "9": {
      "saturation": 1.5594783240800232,
      "sellers": 0
    },
    "11": {
      "saturation": 0.8633173784300113,
      "sellers": 0
    },
    "12": {
      "saturation": 0.8551762501522081,
      "sellers": 0
    },
    "24": {
      "saturation": 0.7843779563653296,
      "sellers": 0
    },
    "25": {
      "saturation": 0.8915707102534636,
      "sellers": 0
    },
    "26": {
      "saturation": 0.698505833445803,
      "sellers": 0
    },
    "27": {
      "saturation": 0.6481158600574674,
      "sellers": 0
    },
    "28": {
      "saturation": 0.6606284539301618,
      "sellers": 0
    },
    "53": {
      "saturation": 0.7433604280028735,
      "sellers": 0
    },
    "54": {
      "saturation": 0.7107041913479674,
      "sellers": 0
    },
    "55": {
      "saturation": 0.5756382856663175,
      "sellers": 0
    },
    "56": {
      "saturation": 0.6875321556500629,
      "sellers": 0
    },
    "57": {
      "saturation": 0.5234028499009873,
      "sellers": 0
    },
    "60": {
      "saturation": 1.3401019539776795,
      "sellers": 0
    },
    "61": {
      "saturation": 1.2504730130542,
      "sellers": 0
    },
    "62": {
      "saturation": 1.2432927108405694,
      "sellers": 0
    },
    "63": {
      "saturation": 1.312530042519658,
      "sellers": 0
    },
    "64": {
      "saturation": 1.3781264116725138,
      "sellers": 0
    },
    "65": {
      "saturation": 0.8233100026815237,
      "sellers": 0
    },
    "67": {
      "saturation": 1.095865494634672,
      "sellers": 0
    },
    "70": {
      "saturation": 0.8052822944288119,
      "sellers": 0
    },
    "71": {
      "saturation": 0.9858270239101455,
      "sellers": 0
    },
    "91": {
      "saturation": 1.2793102400347436,
      "sellers": 0
    },
    "94": {
      "saturation": 1.2691373506520074,
      "sellers": 0
    },
    "95": {
      "saturation": 1.2643552088564605,
      "sellers": 0
    },
    "96": {
      "saturation": 1.2501305750854093,
      "sellers": 0
    },
    "97": {
      "saturation": 1.3062730433000698,
      "sellers": 0
    },
    "98": {
      "saturation": 0.7143987780011133,
      "sellers": 0
    },
    "99": {
      "saturation": 1.197408328186389,
      "sellers": 0
    },
    "102": {
      "saturation": 1.0266275143717438,
      "sellers": 0
    },
    "103": {
      "saturation": 0.9640265399578904,
      "sellers": 0
    },
    "108": {
      "saturation": 1.1112428458477892,
      "sellers": 0
    },
    "109": {
      "saturation": 0.69818379558086,
      "sellers": 0
    },
    "110": {
      "saturation": 0.7373396970743232,
      "sellers": 0
    },
    "117": {
      "saturation": 0.1,
      "sellers": 0
    },
    "119": {
      "saturation": 1.3025725888481519,
      "sellers": 0
    },
    "121": {
      "saturation": 0.1,
      "sellers": 0
    },
    "122": {
      "saturation": 1.1478551699924802,
      "sellers": 0
    },
    "123": {
      "saturation": 1.1951722305000552,
      "sellers": 0
    },
    "124": {
      "saturation": 1.3271081840288657,
      "sellers": 0
    },
    "125": {
      "saturation": 1.5712690383554049,
      "sellers": 0
    },
    "126": {
      "saturation": 1.2896012655347673,
      "sellers": 0
    },
    "127": {
      "saturation": 1.2454534422247074,
      "sellers": 0
    },
    "129": {
      "saturation": 0.1,
      "sellers": 0
    },
    "130": {
      "saturation": 0.1,
      "sellers": 0
    },
    "131": {
      "saturation": 0.1,
      "sellers": 0
    },
    "132": {
      "saturation": 0.1,
      "sellers": 0
    },
    "134": {
      "saturation": 0.1,
      "sellers": 0
    },
    "140": {
      "saturation": 1.1165907636331638,
      "sellers": 0
    },
    "142": {
      "saturation": 0.1,
      "sellers": 0
    },
    "143": {
      "saturation": 0.1,
      "sellers": 0
    },
    "144": {
      "saturation": 1.4334696042803463,
      "sellers": 0
    },
    "146": {
      "saturation": 0.17228971183793265,
      "sellers": 0
    },
    "147": {
      "saturation": 0.3434124101530825,
      "sellers": 0
    },
    "148": {
      "saturation": 1.775024785496216,
      "sellers": 0
    },
    "149": {
      "saturation": 0.1,
      "sellers": 0
    },
    "150": {
      "saturation": 1.345855379177806,
      "sellers": 0
    },
    "151": {
      "saturation": 0.8121302383641706,
      "sellers": 0
    },
    "152": {
      "saturation": 1.336938177425231,
      "sellers": 0
    },
    "153": {
      "saturation": 0.37244628999091195,
      "sellers": 0
    },
    "154": {
      "saturation": 0.49685292884534005,
      "sellers": 0
    }
  }
}

