{
  "t": "2026-07-23T05:00:16.200Z",
  "r": 0,
  "retail": {
    "3": {
      "saturation": 1.5022972813935773,
      "sellers": 0
    },
    "4": {
      "saturation": 1.4780140955759578,
      "sellers": 0
    },
    "5": {
      "saturation": 1.4833380279494,
      "sellers": 0
    },
    "7": {
      "saturation": 1.3553416081438863,
      "sellers": 0
    },
    "8": {
      "saturation": 1.23490324098153,
      "sellers": 0
    },
    "9": {
      "saturation": 1.5731748522082976,
      "sellers": 0
    },
    "11": {
      "saturation": 0.8631343325416494,
      "sellers": 0
    },
    "12": {
      "saturation": 0.8555880277393224,
      "sellers": 0
    },
    "24": {
      "saturation": 0.7839627958079337,
      "sellers": 0
    },
    "25": {
      "saturation": 0.8910337743050665,
      "sellers": 0
    },
    "26": {
      "saturation": 0.6996409583532542,
      "sellers": 0
    },
    "27": {
      "saturation": 0.6429587677362752,
      "sellers": 0
    },
    "28": {
      "saturation": 0.6642539235597195,
      "sellers": 0
    },
    "53": {
      "saturation": 0.7374961906140002,
      "sellers": 0
    },
    "54": {
      "saturation": 0.7065266660957015,
      "sellers": 0
    },
    "55": {
      "saturation": 0.5806948456792415,
      "sellers": 0
    },
    "56": {
      "saturation": 0.6970782168774373,
      "sellers": 0
    },
    "57": {
      "saturation": 0.5248610283011301,
      "sellers": 0
    },
    "60": {
      "saturation": 1.3438618910458076,
      "sellers": 0
    },
    "61": {
      "saturation": 1.2555769510119714,
      "sellers": 0
    },
    "62": {
      "saturation": 1.257227667148823,
      "sellers": 0
    },
    "63": {
      "saturation": 1.3026432624371032,
      "sellers": 0
    },
    "64": {
      "saturation": 1.3759595550745187,
      "sellers": 0
    },
    "65": {
      "saturation": 0.8248645209835711,
      "sellers": 0
    },
    "67": {
      "saturation": 1.0989041853596018,
      "sellers": 0
    },
    "70": {
      "saturation": 0.7950329923404055,
      "sellers": 0
    },
    "71": {
      "saturation": 0.9952115344654371,
      "sellers": 0
    },
    "91": {
      "saturation": 1.2776710789172847,
      "sellers": 0
    },
    "94": {
      "saturation": 1.271016887328813,
      "sellers": 0
    },
    "95": {
      "saturation": 1.2619504849412002,
      "sellers": 0
    },
    "96": {
      "saturation": 1.2479543841254355,
      "sellers": 0
    },
    "97": {
      "saturation": 1.303035998534931,
      "sellers": 0
    },
    "98": {
      "saturation": 0.7162872211481202,
      "sellers": 0
    },
    "99": {
      "saturation": 1.1943895713780612,
      "sellers": 0
    },
    "102": {
      "saturation": 1.028028208192832,
      "sellers": 0
    },
    "103": {
      "saturation": 0.9682460609980263,
      "sellers": 0
    },
    "108": {
      "saturation": 1.1027180969382124,
      "sellers": 0
    },
    "109": {
      "saturation": 0.6803781851244062,
      "sellers": 0
    },
    "110": {
      "saturation": 0.7234444802621243,
      "sellers": 0
    },
    "117": {
      "saturation": 0.1,
      "sellers": 0
    },
    "119": {
      "saturation": 1.283453312571742,
      "sellers": 0
    },
    "121": {
      "saturation": 0.1,
      "sellers": 0
    },
    "122": {
      "saturation": 1.143978107371433,
      "sellers": 0
    },
    "123": {
      "saturation": 1.1969442182075867,
      "sellers": 0
    },
    "124": {
      "saturation": 1.3266357184516426,
      "sellers": 0
    },
    "125": {
      "saturation": 1.5681112715739578,
      "sellers": 0
    },
    "126": {
      "saturation": 1.2893090685528135,
      "sellers": 0
    },
    "127": {
      "saturation": 1.2577486198503045,
      "sellers": 0
    },
    "129": {
      "saturation": 0.1,
      "sellers": 0
    },
    "130": {
      "saturation": 0.1,
      "sellers": 0
    },
    "131": {
      "saturation": 0.1,
      "sellers": 0
    },
    "132": {
      "saturation": 0.1,
      "sellers": 0
    },
    "134": {
      "saturation": 0.1,
      "sellers": 0
    },
    "140": {
      "saturation": 1.1116461173583359,
      "sellers": 0
    },
    "142": {
      "saturation": 0.1,
      "sellers": 0
    },
    "143": {
      "saturation": 0.1,
      "sellers": 0
    },
    "144": {
      "saturation": 1.149616389114989,
      "sellers": 0
    },
    "146": {
      "saturation": 0.1826929641605542,
      "sellers": 0
    },
    "147": {
      "saturation": 0.2932162633575633,
      "sellers": 0
    },
    "148": {
      "saturation": 1.3239337759589545,
      "sellers": 0
    },
    "149": {
      "saturation": 0.1,
      "sellers": 0
    },
    "150": {
      "saturation": 1.172684785868214,
      "sellers": 0
    },
    "151": {
      "saturation": 0.7678379304881798,
      "sellers": 0
    },
    "152": {
      "saturation": 1.370343545365391,
      "sellers": 0
    },
    "153": {
      "saturation": 0.33131065132645526,
      "sellers": 0
    },
    "154": {
      "saturation": 0.46587260275006326,
      "sellers": 0
    }
  }
}

