{
  "t": "2026-07-22T21:00:15.975Z",
  "r": 0,
  "retail": {
    "3": {
      "saturation": 1.4899866812466875,
      "sellers": 0
    },
    "4": {
      "saturation": 1.4702944436020169,
      "sellers": 0
    },
    "5": {
      "saturation": 1.477875482996506,
      "sellers": 0
    },
    "7": {
      "saturation": 1.3603167500989477,
      "sellers": 0
    },
    "8": {
      "saturation": 1.237376551725455,
      "sellers": 0
    },
    "9": {
      "saturation": 1.5678322768344695,
      "sellers": 0
    },
    "11": {
      "saturation": 0.8610202690117837,
      "sellers": 0
    },
    "12": {
      "saturation": 0.8514038996007404,
      "sellers": 0
    },
    "24": {
      "saturation": 0.7861014858571859,
      "sellers": 0
    },
    "25": {
      "saturation": 0.8960148389558988,
      "sellers": 0
    },
    "26": {
      "saturation": 0.699556969823469,
      "sellers": 0
    },
    "27": {
      "saturation": 0.6436151248631434,
      "sellers": 0
    },
    "28": {
      "saturation": 0.661107825866769,
      "sellers": 0
    },
    "53": {
      "saturation": 0.7387697384686643,
      "sellers": 0
    },
    "54": {
      "saturation": 0.7074222078633154,
      "sellers": 0
    },
    "55": {
      "saturation": 0.5772921715662347,
      "sellers": 0
    },
    "56": {
      "saturation": 0.6885870557353679,
      "sellers": 0
    },
    "57": {
      "saturation": 0.5294518266589138,
      "sellers": 0
    },
    "60": {
      "saturation": 1.3429919922505265,
      "sellers": 0
    },
    "61": {
      "saturation": 1.2466388042012129,
      "sellers": 0
    },
    "62": {
      "saturation": 1.2510842845305261,
      "sellers": 0
    },
    "63": {
      "saturation": 1.3023136362522048,
      "sellers": 0
    },
    "64": {
      "saturation": 1.3786075474198292,
      "sellers": 0
    },
    "65": {
      "saturation": 0.8197168099397867,
      "sellers": 0
    },
    "67": {
      "saturation": 0.97435355848791,
      "sellers": 0
    },
    "70": {
      "saturation": 0.80088695025144,
      "sellers": 0
    },
    "71": {
      "saturation": 0.9920093334885199,
      "sellers": 0
    },
    "91": {
      "saturation": 1.2726419361207846,
      "sellers": 0
    },
    "94": {
      "saturation": 1.2623180560523997,
      "sellers": 0
    },
    "95": {
      "saturation": 1.2564913558263124,
      "sellers": 0
    },
    "96": {
      "saturation": 1.2435974543265076,
      "sellers": 0
    },
    "97": {
      "saturation": 1.2984788613182003,
      "sellers": 0
    },
    "98": {
      "saturation": 0.7157059492592533,
      "sellers": 0
    },
    "99": {
      "saturation": 1.1902316338913537,
      "sellers": 0
    },
    "102": {
      "saturation": 1.022441573532941,
      "sellers": 0
    },
    "103": {
      "saturation": 0.9741918255368749,
      "sellers": 0
    },
    "108": {
      "saturation": 1.1193847356480195,
      "sellers": 0
    },
    "109": {
      "saturation": 0.6895901361126058,
      "sellers": 0
    },
    "110": {
      "saturation": 0.7357923421789458,
      "sellers": 0
    },
    "117": {
      "saturation": 0.1,
      "sellers": 0
    },
    "119": {
      "saturation": 1.2953415611958699,
      "sellers": 0
    },
    "121": {
      "saturation": 0.1,
      "sellers": 0
    },
    "122": {
      "saturation": 1.1466281061354018,
      "sellers": 0
    },
    "123": {
      "saturation": 1.1924012137797992,
      "sellers": 0
    },
    "124": {
      "saturation": 1.3268825788263348,
      "sellers": 0
    },
    "125": {
      "saturation": 1.5692887503258826,
      "sellers": 0
    },
    "126": {
      "saturation": 1.3023855129172854,
      "sellers": 0
    },
    "127": {
      "saturation": 1.2540340485245627,
      "sellers": 0
    },
    "129": {
      "saturation": 0.1,
      "sellers": 0
    },
    "130": {
      "saturation": 0.1,
      "sellers": 0
    },
    "131": {
      "saturation": 0.1,
      "sellers": 0
    },
    "132": {
      "saturation": 0.1,
      "sellers": 0
    },
    "134": {
      "saturation": 0.1,
      "sellers": 0
    },
    "140": {
      "saturation": 1.1136370131420044,
      "sellers": 0
    },
    "142": {
      "saturation": 0.1,
      "sellers": 0
    },
    "143": {
      "saturation": 0.1,
      "sellers": 0
    },
    "144": {
      "saturation": 1.2379964764239355,
      "sellers": 0
    },
    "146": {
      "saturation": 0.18817511048859334,
      "sellers": 0
    },
    "147": {
      "saturation": 0.30420119432949905,
      "sellers": 0
    },
    "148": {
      "saturation": 1.5329759511103682,
      "sellers": 0
    },
    "149": {
      "saturation": 0.1,
      "sellers": 0
    },
    "150": {
      "saturation": 1.3069251795210366,
      "sellers": 0
    },
    "151": {
      "saturation": 0.7654239292913403,
      "sellers": 0
    },
    "152": {
      "saturation": 1.4375087168314493,
      "sellers": 0
    },
    "153": {
      "saturation": 0.3516071364794151,
      "sellers": 0
    },
    "154": {
      "saturation": 0.4834450109166088,
      "sellers": 0
    }
  }
}

